symbol,date,close,high,low,open,volume,adjClose,adjHigh,adjLow,adjOpen,adjVolume,divCash,splitFactor
RPRX,2020-06-16 00:00:00+00:00,44.5,46.27,42.0,44.0,27619300,43.4593232572,45.1879300474,41.0177882427,42.9710162543,27619300,0.0,1.0
RPRX,2020-06-17 00:00:00+00:00,48.61,51.95,45.0,45.9,8962680,47.4732068209,50.7350976002,43.9476302601,44.8265828653,8962680,0.0,1.0
RPRX,2020-06-18 00:00:00+00:00,50.9,56.5,49.49,56.39,11027946,49.7096528942,55.1786913265,48.332627146,55.0712637859,11027946,0.0,1.0
RPRX,2020-06-19 00:00:00+00:00,49.0,52.96,46.56,52.94,5586487,47.8540862832,51.7214777461,45.4711481091,51.701945466,5586487,0.0,1.0
RPRX,2020-06-22 00:00:00+00:00,51.29,51.49,49.25,49.83,2315137,50.0905323564,50.2858551576,48.0982397846,48.664675908,2315137,0.0,1.0
RPRX,2020-06-23 00:00:00+00:00,50.95,54.44,50.87,53.0,2297758,49.7584835945,53.1668664746,49.680354474,51.7605423063,2297758,0.0,1.0
RPRX,2020-06-24 00:00:00+00:00,50.25,51.49,47.686,51.35,4700267,49.0748537904,50.2858551576,46.5708154796,50.1491291968,4700267,0.0,1.0
RPRX,2020-06-25 00:00:00+00:00,52.11,52.5,48.83,49.19,1993094,50.8913558412,51.2722353034,47.6880619022,48.0396429443,1993094,0.0,1.0
RPRX,2020-06-26 00:00:00+00:00,49.59,52.24,48.7,52.0,1452097,48.4302885466,51.0183156619,47.5611020815,50.7839283005,1452097,0.0,1.0
RPRX,2020-06-29 00:00:00+00:00,48.73,50.05,48.01,49.88,1607524,47.5904005016,48.8795309893,46.8872384175,48.7135066083,1607524,0.0,1.0
RPRX,2020-06-30 00:00:00+00:00,48.55,49.36,48.18,48.2,1227368,47.4146099806,48.2056673253,47.0532627985,47.0727950786,1227368,0.0,1.0
RPRX,2020-07-01 00:00:00+00:00,46.47,48.68,46.15,48.54,2094368,45.3832528486,47.5415698013,45.0707363667,47.4048438405,2094368,0.0,1.0
RPRX,2020-07-02 00:00:00+00:00,45.73,47.55,45.6,46.94,1231445,44.6605584843,46.4379959748,44.5335986635,45.8422614313,1231445,0.0,1.0
RPRX,2020-07-06 00:00:00+00:00,46.11,46.95,45.58,46.66,1425212,45.0316718065,45.8520275713,44.5140663834,45.5688095097,1425212,0.0,1.0
RPRX,2020-07-07 00:00:00+00:00,47.05,47.38,45.52,45.57,1177241,45.9496889719,46.2719715938,44.4554695431,44.5043002434,1177241,0.0,1.0
RPRX,2020-07-08 00:00:00+00:00,48.02,48.88,47.0,47.0,1045315,46.8970045575,47.7368926025,45.9008582716,45.9008582716,1045315,0.0,1.0
RPRX,2020-07-09 00:00:00+00:00,48.36,48.5,47.6,48.02,828365,47.2290533195,47.3657792803,46.4868266751,46.8970045575,828365,0.0,1.0
RPRX,2020-07-10 00:00:00+00:00,47.64,48.62,47.47,48.59,692826,46.5258912353,47.482972961,46.3598668543,47.4536745408,692826,0.0,1.0
RPRX,2020-07-13 00:00:00+00:00,44.06,47.6,43.76,47.2,2099844,43.0296130946,46.4868266751,42.7366288929,46.0961810728,2099844,0.0,1.0
RPRX,2020-07-14 00:00:00+00:00,43.52,44.99,41.53,44.0,2658973,42.5022415315,43.93786412,40.55877966,42.9710162543,2658973,0.0,1.0
RPRX,2020-07-15 00:00:00+00:00,43.0,44.52,41.61,43.82,1316334,41.9944022485,43.4788555373,40.6369087805,42.7952257333,1316334,0.0,1.0
RPRX,2020-07-16 00:00:00+00:00,42.2,43.875,41.95,43.34,1096782,41.2131110439,42.8489395036,40.9689575424,42.3264510105,1096782,0.0,1.0
RPRX,2020-07-17 00:00:00+00:00,44.19,44.42,41.21,42.8,1763793,43.1565729154,43.3811941367,40.2462631782,41.7990794474,1763793,0.0,1.0
RPRX,2020-07-20 00:00:00+00:00,45.87,46.29,44.03,44.42,1158419,44.7972844451,45.2074623275,43.0003146745,43.3811941367,1158419,0.0,1.0
RPRX,2020-07-21 00:00:00+00:00,43.07,46.63,42.6,46.61,1545650,42.0627652289,45.5395110895,41.6037566462,45.5199788094,1545650,0.0,1.0
RPRX,2020-07-22 00:00:00+00:00,43.07,43.76,42.0,43.28,594475,42.0627652289,42.7366288929,41.0177882427,42.2678541701,594475,0.0,1.0
RPRX,2020-07-23 00:00:00+00:00,42.89,44.255,42.6,42.61,1042811,41.8869747079,43.2200528258,41.6037566462,41.6135227863,1042811,0.0,1.0
RPRX,2020-07-24 00:00:00+00:00,41.91,42.4,39.9,42.32,1749942,40.9298929822,41.408433845,38.9668988306,41.3303047246,1749942,0.0,1.0
RPRX,2020-07-27 00:00:00+00:00,43.22,43.28,40.65,41.43,515869,42.2092573298,42.2678541701,39.6993593349,40.4611182594,515869,0.0,1.0
RPRX,2020-07-28 00:00:00+00:00,41.93,42.7994,41.83,42.33,307752,40.9494252623,41.798493479,40.8517638618,41.3400708646,307752,0.0,1.0
RPRX,2020-07-29 00:00:00+00:00,43.05,43.14,42.1,42.11,646769,42.0432329488,42.1311282093,41.1154496433,41.1252157834,646769,0.0,1.0
RPRX,2020-07-30 00:00:00+00:00,42.78,43.07,41.905,42.26,753363,41.7795471672,42.0627652289,40.9250099122,41.2717078842,753363,0.0,1.0
RPRX,2020-07-31 00:00:00+00:00,43.05,43.49,42.15,42.86,865979,42.0432329488,42.4729431113,41.1642803436,41.8576762877,865979,0.0,1.0
RPRX,2020-08-03 00:00:00+00:00,44.12,44.45,42.51,42.94,606606,43.088209935,43.4104925569,41.5158613857,41.9358054082,606606,0.0,1.0
RPRX,2020-08-04 00:00:00+00:00,43.2,45.33,42.42,43.97,1649472,42.1897250497,44.269912882,41.4279661252,42.9417178341,1649472,0.0,1.0
RPRX,2020-08-05 00:00:00+00:00,41.93,43.93,41.71,43.31,794010,40.9494252623,42.9026532739,40.7345701811,42.2971525903,794010,0.0,1.0
RPRX,2020-08-06 00:00:00+00:00,43.9,44.0,42.77,43.0,837712,42.8733548537,42.9710162543,41.7697810272,41.9944022485,837712,0.0,1.0
RPRX,2020-08-07 00:00:00+00:00,43.76,45.25,43.13,43.9,1523049,42.7366288929,44.1917837615,42.1213620693,42.8733548537,1523049,0.0,1.0
RPRX,2020-08-10 00:00:00+00:00,45.76,45.94,43.82,43.86,843529,44.6898569045,44.8656474255,42.7952257333,42.8342902935,843529,0.0,1.0
RPRX,2020-08-11 00:00:00+00:00,45.77,46.65,44.65,45.98,1072036,44.6996230445,45.5590433696,43.6058153581,44.9047119857,1072036,0.0,1.0
RPRX,2020-08-12 00:00:00+00:00,44.99,47.15,44.1,46.23,1715031,43.93786412,46.0473503725,43.0686776549,45.1488654872,1715031,0.0,1.0
RPRX,2020-08-13 00:00:00+00:00,45.48,46.4,44.91,44.99,819552,44.4164049828,45.3148898682,43.8597349996,43.93786412,819552,0.0,1.0
RPRX,2020-08-14 00:00:00+00:00,45.41,45.97,45.0012,45.11,599321,44.3480420024,44.8949458457,43.9488021969,44.0550578007,599321,0.0,1.0
RPRX,2020-08-17 00:00:00+00:00,45.95,46.06,45.44,45.61,355357,44.8754135656,44.9828411062,44.3773404226,44.5433648036,355357,0.0,1.0
RPRX,2020-08-18 00:00:00+00:00,44.62,46.3,43.79,46.3,732191,43.5765169379,45.2172284676,42.7659273131,45.2172284676,732191,0.0,1.0
RPRX,2020-08-19 00:00:00+00:00,43.9,45.34,43.77,44.64,618891,42.8733548537,44.279679022,42.746395033,43.596049218,618891,0.0,1.0
RPRX,2020-08-20 00:00:00+00:00,43.26,44.38,43.15,44.0,579716,42.24832189,43.3421295765,42.1408943494,42.9710162543,579716,0.0,1.0
RPRX,2020-08-21 00:00:00+00:00,41.97,43.49,41.51,43.0,918783,40.9884898226,42.4729431113,40.5392473799,41.9944022485,918783,0.0,1.0
RPRX,2020-08-24 00:00:00+00:00,42.73,42.92,41.8,42.47,771864,41.730716467,41.9162731281,40.8224654416,41.4767968255,771864,0.0,1.0
RPRX,2020-08-25 00:00:00+00:00,41.78,42.73,41.18,42.6,842866,40.8029331615,41.730716467,40.216964758,41.6037566462,842866,0.0,1.0
RPRX,2020-08-26 00:00:00+00:00,41.94,42.3,41.55,41.7461,602638,40.9591914024,41.3107724445,40.5783119401,40.7698259467,602638,0.0,1.0
RPRX,2020-08-27 00:00:00+00:00,41.0,42.16,40.99,42.12,623374,40.041174237,41.1740464837,40.0314080969,41.1349819234,623374,0.0,1.0
RPRX,2020-08-28 00:00:00+00:00,42.07,42.45,41.1,41.12,867026,41.0861512231,41.4572645453,40.1388356375,40.1583679176,867026,0.0,1.0
RPRX,2020-08-31 00:00:00+00:00,41.38,42.98,41.2,42.25,947089,40.4122875592,41.9748699684,40.2364970381,41.2619417442,947089,0.0,1.0
RPRX,2020-09-01 00:00:00+00:00,41.6,42.05,41.0,41.7,793584,40.6271426404,41.066618943,40.041174237,40.724804041,793584,0.0,1.0
RPRX,2020-09-02 00:00:00+00:00,41.75,41.95,41.24,41.75,470409,40.7736347413,40.9689575424,40.2755615983,40.7736347413,470409,0.0,1.0
RPRX,2020-09-03 00:00:00+00:00,40.74,41.97,40.4,41.8,822255,39.7872545955,40.9884898226,39.4552058335,40.8224654416,822255,0.0,1.0
RPRX,2020-09-04 00:00:00+00:00,39.78,40.5,38.91,40.36,1089362,38.8497051499,39.5528672341,38.0000509649,39.4161412733,1089362,0.0,1.0
RPRX,2020-09-08 00:00:00+00:00,39.04,39.826,38.7,39.8,779371,38.1270107856,38.8946293942,37.7949620237,38.86923743,779371,0.0,1.0
RPRX,2020-09-09 00:00:00+00:00,38.84,40.49,38.8,39.31,619340,37.9316879845,39.543101094,37.8926234242,38.3906965672,619340,0.0,1.0
RPRX,2020-09-10 00:00:00+00:00,39.44,40.09,38.93,38.93,886832,38.5176563879,39.1524554917,38.019583245,38.019583245,886832,0.0,1.0
RPRX,2020-09-11 00:00:00+00:00,38.56,39.99,38.54,39.56,559792,37.6582360629,39.0547940911,37.6387037827,38.6348500686,559792,0.0,1.0
RPRX,2020-09-14 00:00:00+00:00,39.82,40.49,38.81,39.1,1217514,39.035261811,39.6920580293,38.0451660192,38.3294509495,1217514,0.15,1.0
RPRX,2020-09-15 00:00:00+00:00,40.705,41.22,40.15,40.15,891196,39.9028209949,40.4076718194,39.3587584558,39.3587584558,891196,0.0,1.0
RPRX,2020-09-16 00:00:00+00:00,40.61,40.81,39.74,40.56,752206,39.8096931729,40.0057517455,38.956838382,39.7606785297,752206,0.0,1.0
RPRX,2020-09-17 00:00:00+00:00,41.28,41.29,39.72,39.8,1224394,40.4664893912,40.4762923198,38.9372325247,39.0156559537,1224394,0.0,1.0
RPRX,2020-09-18 00:00:00+00:00,41.98,43.19,41.13,41.28,5872578,41.1526943954,42.3388487598,40.3194454617,40.4664893912,5872578,0.0,1.0
RPRX,2020-09-21 00:00:00+00:00,40.59,41.99,40.56,41.64,1197268,39.7900873156,41.1624973241,39.7606785297,40.819394822,1197268,0.0,1.0
RPRX,2020-09-22 00:00:00+00:00,41.72,41.82,40.16,40.5,683789,40.897818251,40.9958475373,39.3685613845,39.701860958,683789,0.0,1.0
RPRX,2020-09-23 00:00:00+00:00,41.78,42.47,41.41,41.83,744307,40.9566358228,41.6330378984,40.5939274634,41.005650466,744307,0.0,1.0
RPRX,2020-09-24 00:00:00+00:00,40.23,41.565,38.91,41.52,2782810,39.4371818849,40.7458728572,38.1431953055,40.7017596784,2782810,0.0,1.0
RPRX,2020-09-25 00:00:00+00:00,40.07,41.2,39.9,39.99,882376,39.2803350268,40.3880659622,39.1136852401,39.2019115977,882376,0.0,1.0
RPRX,2020-09-28 00:00:00+00:00,41.21,41.25,40.18,40.18,389986,40.3978688908,40.4370806053,39.3881672417,39.3881672417,389986,0.0,1.0
RPRX,2020-09-29 00:00:00+00:00,42.01,42.19,40.71,41.3,666450,41.1821031813,41.3585558967,39.9077224592,40.4860952485,666450,0.0,1.0
RPRX,2020-09-30 00:00:00+00:00,42.07,43.47,41.56,41.8,762547,41.2409207531,42.6133307615,40.7409713929,40.9762416801,762547,0.0,1.0
RPRX,2020-10-01 00:00:00+00:00,42.59,42.99,42.01,42.53,776086,41.750673042,42.1427901872,41.1821031813,41.6918554702,776086,0.0,1.0
RPRX,2020-10-02 00:00:00+00:00,42.47,42.8,41.54,41.54,855824,41.6330378984,41.9565345432,40.7213655356,40.7213655356,855824,0.0,1.0
RPRX,2020-10-05 00:00:00+00:00,43.4,43.87,42.31,42.31,1931566,42.5447102611,43.0054479068,41.4761910403,41.4761910403,1931566,0.0,1.0
RPRX,2020-10-06 00:00:00+00:00,43.8,44.17,43.11,43.2,1111021,42.9368274064,43.2995357657,42.2604253308,42.3486516885,1111021,0.0,1.0
RPRX,2020-10-07 00:00:00+00:00,44.59,44.62,43.8,43.9,1072751,43.7112587683,43.7406675542,42.9368274064,43.0348566927,1072751,0.0,1.0
RPRX,2020-10-08 00:00:00+00:00,44.1,44.91,43.74,44.5,854609,43.2309152653,44.0249524845,42.8780098346,43.6230324106,854609,0.0,1.0
RPRX,2020-10-09 00:00:00+00:00,44.08,44.6,43.94,44.6,516281,43.2113094081,43.7210616969,43.0740684072,43.7210616969,516281,0.0,1.0
RPRX,2020-10-12 00:00:00+00:00,44.41,44.64,43.93,44.1,423680,43.5348060529,43.7602734114,43.0642654786,43.2309152653,423680,0.0,1.0
RPRX,2020-10-13 00:00:00+00:00,44.81,44.97,44.01,44.13,518089,43.9269231982,44.0837700563,43.1426889076,43.2603240512,518089,0.0,1.0
RPRX,2020-10-14 00:00:00+00:00,42.79,44.31,42.46,42.88,1369669,41.9467316146,43.4367767666,41.6232349697,42.0349579723,1369669,0.0,1.0
RPRX,2020-10-15 00:00:00+00:00,42.48,43.2,41.27,42.18,2168602,41.642840827,42.3486516885,40.4566864626,41.3487529681,2168602,0.0,1.0
RPRX,2020-10-16 00:00:00+00:00,41.81,44.49,41.5,44.25,7406152,40.9860446087,43.613229482,40.6821538211,43.3779591948,7406152,0.0,1.0
RPRX,2020-10-19 00:00:00+00:00,40.27,42.75,40.11,42.4,3108621,39.4763935994,41.9075199001,39.3195467413,41.564417398,3108621,0.0,1.0
RPRX,2020-10-20 00:00:00+00:00,40.09,41.49,40.05,40.92,2300147,39.2999408841,40.6723508925,39.2607291695,40.1135839605,2300147,0.0,1.0
RPRX,2020-10-21 00:00:00+00:00,39.0,40.18,38.1,39.99,4614439,38.2314216632,39.3881672417,37.3491580864,39.2019115977,4614439,0.0,1.0
RPRX,2020-10-22 00:00:00+00:00,39.21,39.38,38.2,39.16,1544855,38.4372831645,38.6039329512,37.4471873727,38.3882685213,1544855,0.0,1.0
RPRX,2020-10-23 00:00:00+00:00,39.01,40.1,38.8,39.49,876122,38.2412245918,39.3097438127,38.0353630906,38.7117651662,876122,0.0,1.0
RPRX,2020-10-26 00:00:00+00:00,38.77,39.37,38.1222,39.0,2020490,38.0059543047,38.5941300226,37.3709205879,38.2314216632,2020490,0.0,1.0
RPRX,2020-10-27 00:00:00+00:00,37.87,39.16,37.645,38.8,1151251,37.1236907278,38.3882685213,36.9031248336,38.0353630906,1151251,0.0,1.0
RPRX,2020-10-28 00:00:00+00:00,36.12,37.48,35.5113,37.47,1798861,35.4081782173,36.7413765112,34.8114739515,36.7315735826,1798861,0.0,1.0
RPRX,2020-10-29 00:00:00+00:00,36.34,36.84,34.8,36.17,1550573,35.6238426472,36.1139890788,34.1141916379,35.4571928605,1550573,0.0,1.0
RPRX,2020-10-30 00:00:00+00:00,36.7,36.765,35.1802,36.17,1158894,35.9767480779,36.0404671141,34.4868989845,35.4571928605,1158894,0.0,1.0
RPRX,2020-11-02 00:00:00+00:00,37.58,38.7098,37.05,38.54,1216185,36.8394057975,37.9469406743,36.3198505801,37.7804869462,1216185,0.0,1.0
RPRX,2020-11-03 00:00:00+00:00,38.12,38.35,37.36,38.08,1367185,37.3687639436,37.5942313022,36.6237413676,37.3295522291,1367185,0.0,1.0
RPRX,2020-11-04 00:00:00+00:00,40.28,41.88,38.77,38.97,3070016,39.4861965281,41.0546651091,38.0059543047,38.2020128773,3070016,0.0,1.0
RPRX,2020-11-05 00:00:00+00:00,40.13,41.71,39.78,41.61,1398730,39.3391525986,40.8880153224,38.9960500965,40.7899860361,1398730,0.0,1.0
RPRX,2020-11-06 00:00:00+00:00,40.24,41.18,39.9016,39.95,1319022,39.4469848135,40.3684601049,39.1152537086,39.1626998832,1319022,0.0,1.0
RPRX,2020-11-09 00:00:00+00:00,40.97,42.86,40.4,42.86,2039794,40.1625986036,42.015352115,39.6038316716,42.015352115,2039794,0.0,1.0
RPRX,2020-11-10 00:00:00+00:00,40.6,41.46,39.44,41.08,1261440,39.7998902443,40.6429421066,38.662750523,40.2704308186,1261440,0.0,1.0
RPRX,2020-11-11 00:00:00+00:00,40.31,43.39,39.62,41.8,5332103,39.515605314,42.5349073325,38.8392032384,40.9762416801,5332103,0.0,1.0
RPRX,2020-11-12 00:00:00+00:00,40.65,41.378,38.585,40.1,2577108,39.8489048874,40.5625580918,37.824600125,39.3097438127,2577108,0.0,1.0
RPRX,2020-11-13 00:00:00+00:00,42.12,42.21,40.57,40.82,1311398,41.2899353963,41.378161754,39.7704814584,40.0155546742,1311398,0.0,1.0
RPRX,2020-11-16 00:00:00+00:00,41.83,42.37,41.21,42.26,897794,41.005650466,41.5350086121,40.3978688908,41.4271763971,897794,0.0,1.0
RPRX,2020-11-17 00:00:00+00:00,42.19,42.4,41.25,41.42,794341,41.3585558967,41.564417398,40.4370806053,40.6037303921,794341,0.0,1.0
RPRX,2020-11-18 00:00:00+00:00,40.72,42.43,40.59,41.5,548827,39.9175253878,41.5938261838,39.7900873156,40.6821538211,548827,0.0,1.0
RPRX,2020-11-19 00:00:00+00:00,41.48,41.99,40.22,40.5,1051492,40.8095918933,41.3113491707,39.5699562669,39.8454308505,1051492,0.15,1.0
RPRX,2020-11-20 00:00:00+00:00,40.37,41.83,40.05,41.83,1115519,39.7175319367,41.1539351229,39.4027038411,41.1539351229,1115519,0.0,1.0
RPRX,2020-11-23 00:00:00+00:00,40.2,41.22,39.9002,39.9002,1434778,39.5502795109,40.5537940656,39.2553249388,39.2553249388,1434778,0.0,1.0
RPRX,2020-11-24 00:00:00+00:00,39.58,40.63,39.31,40.23,1159336,38.9403000756,39.9733297644,38.67466387,39.5797946448,1159336,0.0,1.0
RPRX,2020-11-25 00:00:00+00:00,40.97,41.34,39.46,39.67,1355116,40.3078346159,40.6718546015,38.8222395398,39.0288454775,1355116,0.0,1.0
RPRX,2020-11-27 00:00:00+00:00,41.6,42.29,40.98,41.17,1504001,40.9276524292,41.6065005103,40.3176729939,40.5046021757,1504001,0.0,1.0
RPRX,2020-11-30 00:00:00+00:00,42.6,42.79,40.66,41.2,8171071,41.911490228,42.0984194097,40.0028448983,40.5341173097,8171071,0.0,1.0
RPRX,2020-12-01 00:00:00+00:00,42.78,42.83,41.21,42.53,1361916,42.0885810317,42.1377729217,40.5439556877,41.842621582,1361916,0.0,1.0
RPRX,2020-12-02 00:00:00+00:00,41.78,43.01,41.15,42.76,1409897,41.104743233,42.3148637255,40.4849254197,42.0689042758,1409897,0.0,1.0
RPRX,2020-12-03 00:00:00+00:00,42.29,42.71,41.83,41.83,1118063,41.6065005103,42.0197123858,41.1539351229,41.1539351229,1118063,0.0,1.0
RPRX,2020-12-04 00:00:00+00:00,42.97,43.1,42.29,42.29,989251,42.2755102135,42.4034091273,41.6065005103,41.6065005103,989251,0.0,1.0
RPRX,2020-12-07 00:00:00+00:00,42.75,43.42,42.29,43.06,1155819,42.0590658978,42.718237223,41.6065005103,42.3640556154,1155819,0.0,1.0
RPRX,2020-12-08 00:00:00+00:00,44.05,45.0,42.69,42.74,1412752,43.3380550362,44.272700945,42.0000356298,42.0492275198,1412752,0.0,1.0
RPRX,2020-12-09 00:00:00+00:00,44.7,44.83,43.44,44.22,1193322,43.9775496054,44.1054485192,42.7379139789,43.505307462,1193322,0.0,1.0
RPRX,2020-12-10 00:00:00+00:00,45.2,46.41,44.05,44.69,1276580,44.4694685048,45.6599122413,43.3380550362,43.9677112274,1276580,0.0,1.0
RPRX,2020-12-11 00:00:00+00:00,42.41,46.29,42.02,45.24,2140063,41.7245610462,45.5418517054,41.3408643047,44.5088220167,2140063,0.0,1.0
RPRX,2020-12-14 00:00:00+00:00,43.12,43.68,42.37,43.13,2024984,42.4230858833,42.9740350506,41.6852075342,42.4329242613,2024984,0.0,1.0
RPRX,2020-12-15 00:00:00+00:00,43.85,44.65,42.31,43.15,3167352,43.1412874764,43.9283577154,41.6261772663,42.4526010173,3167352,0.0,1.0
RPRX,2020-12-16 00:00:00+00:00,43.4,44.135,43.17,43.97,1523080,42.698560467,43.4216812491,42.4722777733,43.2593480123,1523080,0.0,1.0
RPRX,2020-12-17 00:00:00+00:00,44.18,45.0,43.0,43.5,12252827,43.46595395,44.272700945,42.3050253475,42.7969442469,12252827,0.0,1.0
RPRX,2020-12-18 00:00:00+00:00,44.4,44.97,43.76,44.57,12426328,43.6823982658,44.2431858111,43.0527420745,43.8496506915,12426328,0.0,1.0
RPRX,2020-12-21 00:00:00+00:00,45.99,46.13,43.3904,43.87,2872786,45.2467003658,45.3844376576,42.6891156241,43.1609642324,2872786,0.0,1.0
RPRX,2020-12-22 00:00:00+00:00,48.32,49.65,45.2,46.78,4177567,47.539042437,48.8475467093,44.4694685048,46.0239322268,4177567,0.0,1.0
RPRX,2020-12-23 00:00:00+00:00,48.61,48.8,47.2,48.74,1750712,47.8243553986,48.0112845804,46.4371441023,47.9522543125,1750712,0.0,1.0
RPRX,2020-12-24 00:00:00+00:00,48.9,50.02,48.22,48.5828,1580593,48.1096683603,49.2115666949,47.4406586571,47.7975950105,1580593,0.0,1.0
RPRX,2020-12-28 00:00:00+00:00,49.24,49.565,48.0,49.4,2404190,48.4441732118,48.7639204964,47.2242143414,48.6015872596,2404190,0.0,1.0
RPRX,2020-12-29 00:00:00+00:00,49.59,50.065,48.56,49.47,3111357,48.7885164414,49.2558393958,47.7751635087,48.6704559056,3111357,0.0,1.0
RPRX,2020-12-30 00:00:00+00:00,49.43,50.0,48.91,49.87,2184935,48.6311023936,49.1918899389,48.1195067382,49.0639910251,2184935,0.0,1.0
RPRX,2020-12-31 00:00:00+00:00,50.05,50.28,48.8,49.28,2352267,49.2410818289,49.4673645226,48.0112845804,48.4835267238,2352267,0.0,1.0
RPRX,2021-01-04 00:00:00+00:00,46.83,50.25,46.0604,50.0,9950752,46.0731241168,49.4378493886,45.3159625468,49.1918899389,9950752,0.0,1.0
RPRX,2021-01-05 00:00:00+00:00,48.95,49.73,46.99,47.03,2715819,48.1588602502,48.9262537332,46.2305381646,46.2698916765,2715819,0.0,1.0
RPRX,2021-01-06 00:00:00+00:00,47.81,49.1,46.495,48.24,4914824,47.0372851596,48.30643592,45.7435384542,47.4603354131,4914824,0.0,1.0
RPRX,2021-01-07 00:00:00+00:00,49.34,49.89,48.05,48.09,3819987,48.5425569917,49.083667781,47.2734062313,47.3127597432,3819987,0.0,1.0
RPRX,2021-01-08 00:00:00+00:00,51.27,51.84,49.56,49.87,4815667,50.4413639434,51.0021514887,48.7590013074,49.0639910251,4815667,0.0,1.0
RPRX,2021-01-11 00:00:00+00:00,51.32,52.8,50.7001,51.22,3462110,50.4905558333,51.9466357755,49.8806747818,50.3921720534,3462110,0.0,1.0
RPRX,2021-01-12 00:00:00+00:00,49.44,52.33,49.26,51.66,2330605,48.6409407716,51.4842320101,48.4638499678,50.8250606849,2330605,0.0,1.0
RPRX,2021-01-13 00:00:00+00:00,49.97,50.53,48.8193,50.01,2324489,49.1623748049,49.7133239723,48.0302726499,49.2017283169,2324489,0.0,1.0
RPRX,2021-01-14 00:00:00+00:00,51.25,51.679,49.5,49.67,1317710,50.4216871874,50.8437536031,48.6999710395,48.8672234653,1317710,0.0,1.0
RPRX,2021-01-15 00:00:00+00:00,51.95,52.4,50.7,51.4,4324219,51.1103736465,51.553100656,49.8805763981,50.5692628572,4324219,0.0,1.0
RPRX,2021-01-19 00:00:00+00:00,51.85,53.23,51.51,52.5,4221924,51.0119898667,52.369686029,50.6774850151,51.6514844359,4221924,0.0,1.0
RPRX,2021-01-20 00:00:00+00:00,50.35,51.94,50.215,51.85,3279680,49.5362331685,51.1005352685,49.4034150656,51.0119898667,3279680,0.0,1.0
RPRX,2021-01-21 00:00:00+00:00,50.42,51.4,50.23,50.35,4060557,49.6051018144,50.5692628572,49.4181726326,49.5362331685,4060557,0.0,1.0
RPRX,2021-01-22 00:00:00+00:00,51.16,51.5,49.84,50.41,1869964,50.3331417855,50.6676466371,49.0344758911,49.5952634364,1869964,0.0,1.0
RPRX,2021-01-25 00:00:00+00:00,51.5,52.475,50.7002,50.98,3578981,50.6676466371,51.6268884909,49.8807731656,50.1560509817,3578981,0.0,1.0
RPRX,2021-01-26 00:00:00+00:00,52.82,53.15,51.53,51.56,2477491,51.9663125315,52.2909790051,50.697161771,50.726676905,2477491,0.0,1.0
RPRX,2021-01-27 00:00:00+00:00,50.31,52.98,50.26,52.83,2764341,49.4968796565,52.1237265793,49.4476877666,51.9761509095,2764341,0.0,1.0
RPRX,2021-01-28 00:00:00+00:00,48.66,51.18,48.59,50.59,1856226,47.8735472885,50.3528185415,47.8046786426,49.7723542402,1856226,0.0,1.0
RPRX,2021-01-29 00:00:00+00:00,47.01,49.87,46.88,48.5,1838120,46.2502149206,49.0639910251,46.1223160067,47.7161332407,1838120,0.0,1.0
RPRX,2021-02-01 00:00:00+00:00,46.73,48.33,46.48,47.85,1789209,45.9747403369,47.548880815,45.7287808872,47.0766386715,1789209,0.0,1.0
RPRX,2021-02-02 00:00:00+00:00,46.65,47.39,46.17,47.2,1380145,45.896033313,46.6240732841,45.4237911696,46.4371441023,1380145,0.0,1.0
RPRX,2021-02-03 00:00:00+00:00,48.11,48.3175,46.68,46.9,1828126,47.3324364992,47.5365828425,45.925548447,46.1419927627,1828126,0.0,1.0
RPRX,2021-02-04 00:00:00+00:00,47.11,48.74,46.96,48.72,1328384,46.3485987004,47.9522543125,46.2010230306,47.9325775565,1328384,0.0,1.0
RPRX,2021-02-05 00:00:00+00:00,47.04,47.73,46.64,47.11,914840,46.2797300545,46.9585781357,45.886194935,46.3485987004,914840,0.0,1.0
RPRX,2021-02-08 00:00:00+00:00,48.36,48.75,47.2,47.46,794855,47.5783959489,47.9620926904,46.4371441023,46.69294193,794855,0.0,1.0
RPRX,2021-02-09 00:00:00+00:00,48.74,49.405,48.12,48.77,1356306,47.9522543125,48.6065064486,47.3422748772,47.9817694464,1356306,0.0,1.0
RPRX,2021-02-10 00:00:00+00:00,47.81,50.17,47.57,49.31,1797916,47.0372851596,49.3591423647,46.8011640879,48.5130418578,1797916,0.0,1.0
RPRX,2021-02-11 00:00:00+00:00,47.31,48.06,46.8,48.0,1259407,46.5453662602,47.2832446093,46.0436089828,47.2242143414,1259407,0.0,1.0
RPRX,2021-02-12 00:00:00+00:00,47.98,48.02,47.09,47.32,863718,47.2045375854,47.2438910973,46.3289219445,46.5552046382,863718,0.0,1.0
RPRX,2021-02-16 00:00:00+00:00,47.51,48.79,47.17,48.61,1521728,46.74213382,48.0014462024,46.4076289684,47.8243553986,1521728,0.0,1.0
RPRX,2021-02-17 00:00:00+00:00,47.38,48.43,46.04,48.02,2020761,46.6142349061,47.6472645948,45.2958922557,47.2438910973,2020761,0.0,1.0
RPRX,2021-02-18 00:00:00+00:00,46.49,47.17,45.01,46.76,2829464,45.905871691,46.5773277622,44.4444673007,46.1724792487,2829464,0.17,1.0
RPRX,2021-02-19 00:00:00+00:00,47.51,48.01,46.62,46.9,1440980,46.9130557978,47.4067734972,46.0342382928,46.3107202045,1440980,0.0,1.0
RPRX,2021-02-22 00:00:00+00:00,48.02,48.52,47.56,48.01,2454669,47.4166478512,47.9103655506,46.9624275677,47.4067734972,2454669,0.0,1.0
RPRX,2021-02-23 00:00:00+00:00,46.92,47.74,45.51,47.51,1431792,46.3304689125,47.1401659395,44.9381850002,46.9130557978,1431792,0.0,1.0
RPRX,2021-02-24 00:00:00+00:00,47.2,48.17,46.73,47.4,3376396,46.6069508242,47.564763161,46.1428561867,46.8044379039,3376396,0.0,1.0
RPRX,2021-02-25 00:00:00+00:00,47.02,48.6499,45.94,47.77,1487628,46.4292124524,48.0386334089,45.3627822216,47.1697890015,1487628,0.0,1.0
RPRX,2021-02-26 00:00:00+00:00,46.57,47.4,45.8,46.81,4194504,45.9848665229,46.8044379039,45.2245412658,46.2218510186,4194504,0.0,1.0
RPRX,2021-03-01 00:00:00+00:00,48.03,48.34,47.55,48.05,2805517,47.4265222052,47.7326271788,46.9525532137,47.4462709131,2805517,0.0,1.0
RPRX,2021-03-02 00:00:00+00:00,46.95,48.125,46.51,48.05,2217054,46.3600919744,47.5203285681,45.925620399,47.4462709131,2217054,0.0,1.0
RPRX,2021-03-03 00:00:00+00:00,43.57,46.83,43.44,46.83,3290589,43.0225603264,46.2415997266,42.8941937246,46.2415997266,3290589,0.0,1.0
RPRX,2021-03-04 00:00:00+00:00,42.34,43.95,41.63,43.6035,2946937,41.8080147859,43.397785778,41.1069356527,43.0556394123,2946937,0.0,1.0
RPRX,2021-03-05 00:00:00+00:00,42.54,42.92,39.63,42.92,3439579,42.0055018657,42.3807273172,39.1320648551,42.3807273172,3439579,0.0,1.0
RPRX,2021-03-08 00:00:00+00:00,44.85,45.38,43.56,43.8,5569486,44.2864776369,44.8098183983,43.0126859725,43.2496704682,5569486,0.0,1.0
RPRX,2021-03-09 00:00:00+00:00,46.04,46.55,45.0,45.0,2998018,45.4615257615,45.9651178149,44.4345929468,44.4345929468,2998018,0.0,1.0
RPRX,2021-03-10 00:00:00+00:00,46.24,46.82,45.97,46.34,3171142,45.6590128413,46.2317253726,45.3924052836,45.7577563812,3171142,0.0,1.0
RPRX,2021-03-11 00:00:00+00:00,47.2,47.65,45.9035,46.0,3299007,46.6069508242,47.0512967536,45.3267408296,45.4220283456,3299007,0.0,1.0
RPRX,2021-03-12 00:00:00+00:00,46.92,47.77,46.73,46.86,3670383,46.3304689125,47.1697890015,46.1428561867,46.2712227886,3670383,0.0,1.0
RPRX,2021-03-15 00:00:00+00:00,46.84,47.41,46.65,46.68,2422954,46.2514740806,46.8143122579,46.0638613548,46.0934844168,2422954,0.0,1.0
RPRX,2021-03-16 00:00:00+00:00,46.9,47.68,46.5,47.11,2701978,46.3107202045,47.0809198156,45.915746045,46.5180816383,2701978,0.0,1.0
RPRX,2021-03-17 00:00:00+00:00,48.62,48.75,46.2036,46.36,8322837,48.0091090905,48.1374756923,45.6230701928,45.7775050891,8322837,0.0,1.0
RPRX,2021-03-18 00:00:00+00:00,46.5,48.62,46.31,47.72,6184908,45.915746045,48.0091090905,45.7281333192,47.1204172315,6184908,0.0,1.0
RPRX,2021-03-19 00:00:00+00:00,46.79,47.24,45.835,46.51,22923335,46.2021023106,46.6464482401,45.2591015048,45.925620399,22923335,0.0,1.0
RPRX,2021-03-22 00:00:00+00:00,45.94,47.3,45.41,46.38,6673378,45.3627822216,46.705694364,44.8394414603,45.7972537971,6673378,0.0,1.0
RPRX,2021-03-23 00:00:00+00:00,43.81,45.6713,43.24,45.52,11801831,43.2595448222,45.09745833,42.6967066448,44.9480593541,11801831,0.0,1.0
RPRX,2021-03-24 00:00:00+00:00,43.35,44.71,42.75,44.21,2135892,42.8053245387,44.1482366811,42.2128632994,43.6545189817,2135892,0.0,1.0
RPRX,2021-03-25 00:00:00+00:00,42.83,43.133,41.83,43.13,2048812,42.2918581313,42.5910510572,41.3044227325,42.588088751,2048812,0.0,1.0
RPRX,2021-03-26 00:00:00+00:00,42.76,43.48,41.56,43.31,1452024,42.2227376534,42.9336911406,41.0378151748,42.7658271228,1452024,0.0,1.0
RPRX,2021-03-29 00:00:00+00:00,43.16,43.38,42.2,42.58,1393713,42.6177118129,42.8349476007,41.6697738301,42.0449992816,1393713,0.0,1.0
RPRX,2021-03-30 00:00:00+00:00,43.63,43.86,42.38,43.05,1158168,43.0818064504,43.3089165921,41.8475122019,42.5090939191,1158168,0.0,1.0
RPRX,2021-03-31 00:00:00+00:00,43.62,44.56,43.505,43.67,1527632,43.0719320964,44.0001213713,42.9583770255,43.1213038663,1527632,0.0,1.0
RPRX,2021-04-01 00:00:00+00:00,43.01,44.95,42.56,44.11,2900004,42.4695965031,44.3852211768,42.0252505736,43.5557754418,2900004,0.0,1.0
RPRX,2021-04-05 00:00:00+00:00,42.7,43.68,42.65,43.19,1088785,42.1634915295,43.1311782203,42.1141197595,42.6473348749,1088785,0.0,1.0
RPRX,2021-04-06 00:00:00+00:00,42.51,42.935,42.11,42.46,1353134,41.9758788037,42.3955388482,41.5809046442,41.9265070338,1353134,0.0,1.0
RPRX,2021-04-07 00:00:00+00:00,41.57,42.48,41.42,42.35,984744,41.0476895288,41.9462557417,40.899574219,41.8178891399,984744,0.0,1.0
RPRX,2021-04-08 00:00:00+00:00,41.94,42.15,41.66,41.77,1065843,41.4130406264,41.6204020601,41.1365587147,41.2451766086,1065843,0.0,1.0
RPRX,2021-04-09 00:00:00+00:00,42.31,42.4,41.4284,41.94,1063382,41.7783917239,41.8672609098,40.9078686763,41.4130406264,1063382,0.0,1.0
RPRX,2021-04-12 00:00:00+00:00,41.23,42.37,41.05,42.32,1590922,40.7119614932,41.8376378479,40.5342231214,41.7882660779,1590922,0.0,1.0
RPRX,2021-04-13 00:00:00+00:00,41.43,41.6,40.45,41.0,677555,40.909448573,41.0773125908,39.9417618821,40.4848513515,677555,0.0,1.0
RPRX,2021-04-14 00:00:00+00:00,42.12,42.86,41.2418,41.25,2581343,41.5907789982,42.3214811933,40.7236132309,40.7317102012,2581343,0.0,1.0
RPRX,2021-04-15 00:00:00+00:00,41.65,42.97,41.47,42.5,812187,41.1266843607,42.4300990872,40.9489459889,41.9660044497,812187,0.0,1.0
RPRX,2021-04-16 00:00:00+00:00,41.87,42.02,41.38,41.87,833750,41.3439201485,41.4920354583,40.860076803,41.3439201485,833750,0.0,1.0
RPRX,2021-04-19 00:00:00+00:00,41.77,42.37,41.62,41.97,902841,41.2451766086,41.8376378479,41.0970612988,41.4426636883,902841,0.0,1.0
RPRX,2021-04-20 00:00:00+00:00,41.44,42.25,40.6616,41.71,811708,40.919322927,41.7191456,40.1507032125,41.1859304846,811708,0.0,1.0
RPRX,2021-04-21 00:00:00+00:00,42.78,42.864,41.251,41.43,891150,42.2424863614,42.3254309349,40.7326976366,40.909448573,891150,0.0,1.0
RPRX,2021-04-22 00:00:00+00:00,43.21,43.59,42.01,42.88,1656152,42.6670835829,43.0423090344,41.4821611043,42.3412299013,1656152,0.0,1.0
RPRX,2021-04-23 00:00:00+00:00,43.61,44.045,43.15,43.21,931741,43.0620577424,43.4915921409,42.6078374589,42.6670835829,931741,0.0,1.0
RPRX,2021-04-26 00:00:00+00:00,44.94,45.04,43.755,44.0,949094,44.3753468228,44.4740903627,43.2052358752,43.4471575479,949094,0.0,1.0
RPRX,2021-04-27 00:00:00+00:00,44.67,45.15,44.19,45.11,1794691,44.1087392651,44.5827082566,43.6347702737,44.5432108406,1794691,0.0,1.0
RPRX,2021-04-28 00:00:00+00:00,45.09,45.61,44.38,44.45,1091800,44.5234621326,45.03692854,43.8223829995,43.8915034774,1091800,0.0,1.0
RPRX,2021-04-29 00:00:00+00:00,44.3,45.25,43.55,45.15,781517,43.7433881676,44.6814517965,43.0028116185,44.5827082566,781517,0.0,1.0
RPRX,2021-04-30 00:00:00+00:00,44.0,44.88,43.98,44.17,1045505,43.4471575479,44.3161006989,43.42740884,43.6150215657,1045505,0.0,1.0
RPRX,2021-05-03 00:00:00+00:00,43.84,44.57,43.3,44.18,1341725,43.2891678841,44.0099957253,42.7559527688,43.6248959197,1341725,0.0,1.0
RPRX,2021-05-04 00:00:00+00:00,42.46,43.82,42.27,43.52,1079120,41.9265070338,43.2694191762,41.738894308,42.9731885565,1079120,0.0,1.0
RPRX,2021-05-05 00:00:00+00:00,41.81,42.88,41.6033,42.4,1778505,41.2846740245,42.3412299013,41.0805711276,41.8672609098,1778505,0.0,1.0
RPRX,2021-05-06 00:00:00+00:00,41.05,41.8082,40.31,41.55,1532937,40.5342231214,41.2828966408,39.8035209263,41.0279408208,1532937,0.0,1.0
RPRX,2021-05-07 00:00:00+00:00,40.97,42.1,40.35,40.82,1481717,40.4552282895,41.5710302902,39.8430183423,40.3071129797,1481717,0.0,1.0
RPRX,2021-05-10 00:00:00+00:00,41.49,41.56,40.22,41.19,2312517,40.9686946969,41.0378151748,39.7146517404,40.6724640773,2312517,0.0,1.0
RPRX,2021-05-11 00:00:00+00:00,41.68,42.32,40.02,40.38,3059806,41.1563074227,41.7882660779,39.5171646606,39.8726414042,3059806,0.0,1.0
RPRX,2021-05-12 00:00:00+00:00,40.58,42.67,40.42,41.73,1991456,40.070128484,42.1338684675,39.9121388202,41.2056791926,1991456,0.0,1.0
RPRX,2021-05-13 00:00:00+00:00,40.18,41.07,39.31,40.64,1437985,39.6751543245,40.5539718294,38.8160855275,40.1293746079,1437985,0.0,1.0
RPRX,2021-05-14 00:00:00+00:00,40.73,41.065,40.25,40.4,948513,40.2182437938,40.5490346524,39.7442748024,39.8923901122,948513,0.0,1.0
RPRX,2021-05-17 00:00:00+00:00,41.5,41.56,40.54,40.69,981226,40.9785690509,41.0378151748,40.030631068,40.1787463779,981226,0.0,1.0
RPRX,2021-05-18 00:00:00+00:00,41.53,41.92,41.05,41.31,1026142,41.0081921129,41.3932919184,40.5342231214,40.7909563251,1026142,0.0,1.0
RPRX,2021-05-19 00:00:00+00:00,40.01,40.64,39.6,39.8,1860590,39.6751543245,40.2998818232,39.2685856348,39.4669118249,1860590,0.17,1.0
RPRX,2021-05-20 00:00:00+00:00,40.6,41.28,39.76,39.76,1790823,40.2602165852,40.9345256314,39.4272465869,39.4272465869,1790823,0.0,1.0
RPRX,2021-05-21 00:00:00+00:00,40.7,41.01,40.22,40.84,1240710,40.3593796802,40.6667852748,39.883396824,40.4982080133,1240710,0.0,1.0
RPRX,2021-05-24 00:00:00+00:00,40.72,41.01,40.35,40.46,1068976,40.3792122992,40.6667852748,40.0123088476,40.1213882521,1068976,0.0,1.0
RPRX,2021-05-25 00:00:00+00:00,40.22,40.87,40.02,40.56,1001092,39.883396824,40.5279569418,39.685070634,40.2205513472,1001092,0.0,1.0
RPRX,2021-05-26 00:00:00+00:00,39.85,40.35,39.67,40.28,1295109,39.5164933724,40.0123088476,39.3379998013,39.9428946811,1295109,0.0,1.0
RPRX,2021-05-27 00:00:00+00:00,40.17,40.26,39.36,39.96,2637473,39.8338152765,39.9230620621,39.0305942067,39.6255727769,2637473,0.0,1.0
RPRX,2021-05-28 00:00:00+00:00,40.12,40.79,40.01,40.34,841708,39.784233729,40.4486264658,39.6751543245,40.0023925381,841708,0.0,1.0
RPRX,2021-06-01 00:00:00+00:00,40.28,40.41,39.83,40.24,755942,39.9428946811,40.0718067046,39.4966607534,39.903229443,755942,0.0,1.0
RPRX,2021-06-02 00:00:00+00:00,42.97,42.97,41.18,41.86,3228850,42.6103819376,42.6103819376,40.8353625364,41.5096715827,3228850,0.0,1.0
RPRX,2021-06-03 00:00:00+00:00,43.68,43.73,42.37,42.9,2248841,43.3144399123,43.3640214598,42.0154033673,42.540967771,2248841,0.0,1.0
RPRX,2021-06-04 00:00:00+00:00,45.21,45.38,43.35,44.0,3665021,44.8316352664,45.000212528,42.9872016987,43.6317618165,3665021,0.0,1.0
RPRX,2021-06-07 00:00:00+00:00,46.46,47.1,45.27,45.55,6617469,46.0711739544,46.7058177626,44.8911331234,45.1687897895,6617469,0.0,1.0
RPRX,2021-06-08 00:00:00+00:00,46.44,46.95,45.94,46.52,2987471,46.0513413354,46.5570731201,45.5555258602,46.1306718114,2987471,0.0,1.0
RPRX,2021-06-09 00:00:00+00:00,45.99,46.88,45.2,46.54,2810198,45.6051074077,46.4876589535,44.8217189569,46.1505044304,2810198,0.0,1.0
RPRX,2021-06-10 00:00:00+00:00,46.63,46.85,45.79,45.92,1262470,46.2397512159,46.457910025,45.4067812176,45.5356932412,1262470,0.0,1.0
RPRX,2021-06-11 00:00:00+00:00,44.9,46.53,44.46,46.48,2336461,44.5242296718,46.1405881209,44.0879120536,46.0910065734,2336461,0.0,1.0
RPRX,2021-06-14 00:00:00+00:00,44.62,45.3879,44.46,45.02,1088233,44.2465730057,45.0080464125,44.0879120536,44.6432253858,1088233,0.0,1.0
RPRX,2021-06-15 00:00:00+00:00,44.02,44.57,43.8252,44.53,1022420,43.6515944355,44.1969914582,43.4584247263,44.1573262201,1022420,0.0,1.0
RPRX,2021-06-16 00:00:00+00:00,43.61,44.495,43.24,44.22,1383599,43.2450257458,44.1226191369,42.8781222942,43.8499206255,1383599,0.0,1.0
RPRX,2021-06-17 00:00:00+00:00,44.13,44.15,43.19,43.45,1849995,43.76067384,43.780506459,42.8285407466,43.0863647937,1849995,0.0,1.0
RPRX,2021-06-18 00:00:00+00:00,44.02,44.53,42.82,43.91,7106699,43.6515944355,44.1573262201,42.461637295,43.5425150309,7106699,0.0,1.0
RPRX,2021-06-21 00:00:00+00:00,43.08,44.05,42.49,44.03,2311133,42.7194613421,43.681343364,42.1343990814,43.661510745,2311133,0.0,1.0
RPRX,2021-06-22 00:00:00+00:00,43.55,43.67,42.715,43.3,1659135,43.1855278888,43.3045236028,42.3575160452,42.9376201512,1659135,0.0,1.0
RPRX,2021-06-23 00:00:00+00:00,42.19,44.19,41.76,43.91,3944291,41.8369097963,43.820171697,41.4105084876,43.5425150309,3944291,0.0,1.0
RPRX,2021-06-24 00:00:00+00:00,43.03,43.47,42.21,42.3,2637284,42.6698797946,43.1061974128,41.8567424153,41.9459892008,2637284,0.0,1.0
RPRX,2021-06-25 00:00:00+00:00,42.58,43.53,42.24,43.17,4207439,42.2236458669,43.1656952698,41.8864913438,42.8087081276,4207439,0.0,1.0
RPRX,2021-06-28 00:00:00+00:00,41.9,42.93,41.5,42.74,2003334,41.5493368207,42.5707166996,41.1526844405,42.382306819,2003334,0.0,1.0
RPRX,2021-06-29 00:00:00+00:00,41.13,42.0576,40.889,41.91,2577618,40.7857809889,41.7056178584,40.5467979298,41.5592531302,2577618,0.0,1.0
RPRX,2021-06-30 00:00:00+00:00,40.99,41.52,40.72,40.99,2154509,40.6469526558,41.1725170595,40.3792122992,40.6469526558,2154509,0.0,1.0
RPRX,2021-07-01 00:00:00+00:00,42.22,42.54,40.99,40.99,1935097,41.8666587248,42.1839806289,40.6469526558,40.6469526558,1935097,0.0,1.0
RPRX,2021-07-02 00:00:00+00:00,42.24,42.66,42.17,42.27,1255012,41.8864913438,42.3029763429,41.8170771773,41.9162402723,1255012,0.0,1.0
RPRX,2021-07-06 00:00:00+00:00,41.58,42.89,41.52,42.3,1815458,41.2320149165,42.5310514615,41.1725170595,41.9459892008,1815458,0.0,1.0
RPRX,2021-07-07 00:00:00+00:00,41.91,42.04,41.21,41.65,1632547,41.5592531302,41.6881651537,40.8651114649,41.3014290831,1632547,0.0,1.0
RPRX,2021-07-08 00:00:00+00:00,41.38,42.4,41.03,41.03,2951895,41.0336887265,42.0451522959,40.6866178938,40.6866178938,2951895,0.0,1.0
RPRX,2021-07-09 00:00:00+00:00,41.77,41.99,41.38,41.5,825727,41.4204247971,41.6385836062,41.0336887265,41.1526844405,825727,0.0,1.0
RPRX,2021-07-12 00:00:00+00:00,41.71,42.13,41.44,41.9,3630347,41.3609269401,41.7774119393,41.0931865835,41.5493368207,3630347,0.0,1.0
RPRX,2021-07-13 00:00:00+00:00,41.77,42.04,41.54,41.69,1236759,41.4204247971,41.6881651537,41.1923496785,41.3410943211,1236759,0.0,1.0
RPRX,2021-07-14 00:00:00+00:00,41.0,42.06,40.52,41.86,1904066,40.6568689653,41.7079977727,40.1808861091,41.5096715827,1904066,0.0,1.0
RPRX,2021-07-15 00:00:00+00:00,40.08,41.12,39.53,40.9,1155936,39.744568491,40.7758646794,39.1991714683,40.5577058703,1155936,0.0,1.0
RPRX,2021-07-16 00:00:00+00:00,40.55,40.68,39.82,40.29,1320345,40.2106350377,40.3395470612,39.4867444439,39.9528109906,1320345,0.0,1.0
RPRX,2021-07-19 00:00:00+00:00,39.84,40.38,39.72,40.33,1608300,39.5065770629,40.0420577761,39.3875813489,39.9924762286,1608300,0.0,1.0
RPRX,2021-07-20 00:00:00+00:00,41.23,41.32,39.87,40.0,1467185,40.8849440839,40.9741908694,39.5363259914,39.665238015,1467185,0.0,1.0
RPRX,2021-07-21 00:00:00+00:00,41.31,41.79,41.08,41.23,1214518,40.9642745599,41.4402574161,40.7361994414,40.8849440839,1214518,0.0,1.0
RPRX,2021-07-22 00:00:00+00:00,40.36,41.26,40.21,41.24,1074904,40.0222251571,40.9146930124,39.8734805145,40.8948603934,1074904,0.0,1.0
RPRX,2021-07-23 00:00:00+00:00,40.33,40.58,40.07,40.48,1001142,39.9924762286,40.2403839662,39.7346521815,40.1412208711,1001142,0.0,1.0
RPRX,2021-07-26 00:00:00+00:00,39.7,40.44,39.55,40.21,1409391,39.3677487298,40.1015556331,39.2190040873,39.8734805145,1409391,0.0,1.0
RPRX,2021-07-27 00:00:00+00:00,39.2,39.66,38.63,39.51,1567930,38.8719332547,39.3280834918,38.3067036129,39.1793388493,1567930,0.0,1.0
RPRX,2021-07-28 00:00:00+00:00,38.53,39.36,37.8,39.19,2007814,38.2075405179,39.0305942067,37.4836499241,38.8620169452,2007814,0.0,1.0
RPRX,2021-07-29 00:00:00+00:00,38.25,38.88,38.16,38.56,4509368,37.9298838518,38.5546113505,37.8406370663,38.2372894464,4509368,0.0,1.0
RPRX,2021-07-30 00:00:00+00:00,38.2,38.75,37.935,38.32,6972464,37.8803023043,38.425699327,37.6175201024,37.9992980183,6972464,0.0,1.0
RPRX,2021-08-02 00:00:00+00:00,37.21,38.46,37.095,38.33,6777543,36.8985876634,38.1381263514,36.7845501041,38.0092143278,6777543,0.0,1.0
RPRX,2021-08-03 00:00:00+00:00,37.68,37.8,36.61,37.31,2125942,37.3646542101,37.4836499241,36.3036090932,36.9977507584,2125942,0.0,1.0
RPRX,2021-08-04 00:00:00+00:00,36.74,37.82,36.63,37.45,2053212,36.4325211167,37.5034825431,36.3234417122,37.1365790915,2053212,0.0,1.0
RPRX,2021-08-05 00:00:00+00:00,37.25,37.65,36.31,36.82,2549463,36.9382529014,37.3349052816,36.0061198081,36.5118515928,2549463,0.0,1.0
RPRX,2021-08-06 00:00:00+00:00,36.99,37.488,36.89,37.42,2170211,36.6804288543,37.1742610676,36.5812657593,37.106830163,2170211,0.0,1.0
RPRX,2021-08-09 00:00:00+00:00,36.78,37.2,36.66,37.0,2566888,36.4721863548,36.8886713539,36.3531906407,36.6903451638,2566888,0.0,1.0
RPRX,2021-08-10 00:00:00+00:00,36.43,36.88,36.07,36.79,1983646,36.1251155221,36.5713494498,35.76812838,36.4821026643,1983646,0.0,1.0
RPRX,2021-08-11 00:00:00+00:00,36.69,37.43,35.55,37.19,4279775,36.3829395692,37.1167464725,35.2524802858,36.8787550444,4279775,0.0,1.0
RPRX,2021-08-12 00:00:00+00:00,37.4,37.55,36.75,37.04,1898497,37.086997544,37.2357421865,36.4424374262,36.7300104018,1898497,0.0,1.0
RPRX,2021-08-13 00:00:00+00:00,38.73,39.06,37.4,37.55,3924861,38.405866708,38.7331049216,37.086997544,37.2357421865,3924861,0.0,1.0
RPRX,2021-08-16 00:00:00+00:00,38.25,39.0,38.03,38.67,1094992,37.9298838518,38.6736070646,37.7117250427,38.346368851,1094992,0.0,1.0
RPRX,2021-08-17 00:00:00+00:00,39.09,39.34,37.811,38.0,2149533,38.7628538501,39.0107615877,37.4945578646,37.6819761142,2149533,0.0,1.0
RPRX,2021-08-18 00:00:00+00:00,38.72,39.53,38.661,39.25,919057,38.3959503985,39.1991714683,38.3374441724,38.9215148022,919057,0.0,1.0
RPRX,2021-08-19 00:00:00+00:00,38.88,39.01,38.08,38.29,1370093,38.7231886121,38.8526642942,37.9264151839,38.1355682088,1370093,0.17,1.0
RPRX,2021-08-20 00:00:00+00:00,39.0,39.32,38.75,38.98,1569183,38.8427046263,39.1614139976,38.59371293,38.8227852906,1569183,0.0,1.0
RPRX,2021-08-23 00:00:00+00:00,38.65,39.28,38.11,38.95,1279076,38.4941162515,39.1215753262,37.9562941874,38.7929062871,1279076,0.0,1.0
RPRX,2021-08-24 00:00:00+00:00,39.07,39.16,38.455,38.63,1230704,38.9124223013,39.002059312,38.2999027284,38.4741969158,1230704,0.0,1.0
RPRX,2021-08-25 00:00:00+00:00,39.08,39.18,38.3,39.08,970691,38.9223819692,39.0219786477,38.1455278766,38.9223819692,970691,0.0,1.0
RPRX,2021-08-26 00:00:00+00:00,38.9,40.03,38.88,39.38,1710438,38.7431079478,39.8685504152,38.7231886121,39.2211720047,1710438,0.0,1.0
RPRX,2021-08-27 00:00:00+00:00,39.19,39.51,38.6801,38.83,1140326,39.0319383155,39.3506476868,38.5240948517,38.6733902728,1140326,0.0,1.0
RPRX,2021-08-30 00:00:00+00:00,39.0,39.308,38.4005,38.6735,1567681,38.8427046263,39.1494623962,38.2456225386,38.5175214709,1567681,0.0,1.0
RPRX,2021-08-31 00:00:00+00:00,38.65,39.18,38.6,38.86,1245895,38.4941162515,39.0219786477,38.4443179122,38.7032692764,1245895,0.0,1.0
RPRX,2021-09-01 00:00:00+00:00,38.9,38.95,38.52,38.64,1269965,38.7431079478,38.7929062871,38.3646405694,38.4841565836,1269965,0.0,1.0
RPRX,2021-09-02 00:00:00+00:00,39.31,39.32,38.67,39.01,4117961,39.1514543298,39.1614139976,38.5140355872,38.8526642942,4117961,0.0,1.0
RPRX,2021-09-03 00:00:00+00:00,39.31,39.89,39.14,39.31,1539519,39.1514543298,39.7291150652,38.9821399763,39.1514543298,1539519,0.0,1.0
RPRX,2021-09-07 00:00:00+00:00,38.98,40.0,38.97,39.19,2533930,38.8227852906,39.8386714116,38.8128256228,39.0319383155,2533930,0.0,1.0
RPRX,2021-09-08 00:00:00+00:00,38.71,39.24,38.38,39.09,2051151,38.5538742586,39.0817366548,38.2252052195,38.932341637,2051151,0.0,1.0
RPRX,2021-09-09 00:00:00+00:00,38.29,39.07,38.26,38.48,1970077,38.1355682088,38.9124223013,38.1056892052,38.324801898,1970077,0.0,1.0
RPRX,2021-09-10 00:00:00+00:00,38.48,38.8,38.13,38.29,1462279,38.324801898,38.6435112693,37.9762135231,38.1355682088,1462279,0.0,1.0
RPRX,2021-09-13 00:00:00+00:00,38.51,39.07,38.17,38.55,2471091,38.3546809015,38.9124223013,38.0160521945,38.394519573,2471091,0.0,1.0
RPRX,2021-09-14 00:00:00+00:00,39.67,40.0,38.5201,38.6,5638410,39.5100023725,39.8386714116,38.3647401661,38.4443179122,5638410,0.0,1.0
RPRX,2021-09-15 00:00:00+00:00,37.97,40.01,37.77,39.75,8786724,37.8168588375,39.8486310795,37.6176654804,39.5896797153,8786724,0.0,1.0
RPRX,2021-09-16 00:00:00+00:00,38.38,38.64,37.68,37.9,3146018,38.2252052195,38.4841565836,37.5280284698,37.7471411625,3146018,0.0,1.0
RPRX,2021-09-17 00:00:00+00:00,38.5,38.95,38.01,38.01,17928292,38.3447212337,38.7929062871,37.8566975089,37.8566975089,17928292,0.0,1.0
RPRX,2021-09-20 00:00:00+00:00,36.83,38.0,36.47,38.0,3670263,36.6814567023,37.846737841,36.3229086595,37.846737841,3670263,0.0,1.0
RPRX,2021-09-21 00:00:00+00:00,36.63,37.4,36.63,36.9,1692984,36.4822633452,37.2491577699,36.4822633452,36.7511743772,1692984,0.0,1.0
RPRX,2021-09-22 00:00:00+00:00,36.29,36.775,36.1,36.66,1290536,36.1436346382,36.6266785291,35.954400949,36.5121423488,1290536,0.0,1.0
RPRX,2021-09-23 00:00:00+00:00,37.13,37.3,36.2,36.5,1854007,36.9802467378,37.1495610913,36.0539976275,36.3527876631,1854007,0.0,1.0
RPRX,2021-09-24 00:00:00+00:00,37.1,37.3,36.84,37.15,1511360,36.9503677343,37.1495610913,36.6914163701,37.0001660735,1511360,0.0,1.0
RPRX,2021-09-27 00:00:00+00:00,37.15,37.28,36.76,37.0,1205012,37.0001660735,37.1296417556,36.6117390273,36.8507710558,1205012,0.0,1.0
RPRX,2021-09-28 00:00:00+00:00,36.62,37.05,36.55,37.02,1267843,36.4723036773,36.900569395,36.4025860024,36.8706903915,1267843,0.0,1.0
RPRX,2021-09-29 00:00:00+00:00,36.68,37.99,36.14,37.88,1923348,36.5320616845,37.8367781732,35.9942396204,37.7272218268,1923348,0.0,1.0
RPRX,2021-09-30 00:00:00+00:00,36.14,37.21,36.055,36.82,1767736,35.9942396204,37.0599240807,35.9095824437,36.6714970344,1767736,0.0,1.0
RPRX,2021-10-01 00:00:00+00:00,36.23,36.59,35.84,36.24,1125870,36.0838766311,36.4424246738,35.6954495848,36.0938362989,1125870,0.0,1.0
RPRX,2021-10-04 00:00:00+00:00,35.17,36.31,35.13,36.2,1333277,35.0281518387,36.1635539739,34.9883131673,36.0539976275,1333277,0.0,1.0
RPRX,2021-10-05 00:00:00+00:00,35.32,35.64,34.9,35.14,1213169,35.1775468565,35.4962562278,34.7592408066,34.9982728351,1213169,0.0,1.0
RPRX,2021-10-06 00:00:00+00:00,35.64,35.86,34.86,35.33,1130901,35.4962562278,35.7153689205,34.7194021352,35.1875065243,1130901,0.0,1.0
RPRX,2021-10-07 00:00:00+00:00,35.51,36.37,35.471,35.92,768096,35.3667805457,36.223311981,35.327937841,35.7751269276,768096,0.0,1.0
RPRX,2021-10-08 00:00:00+00:00,35.49,35.94,35.33,35.55,911940,35.34686121,35.7950462633,35.1875065243,35.4066192171,911940,0.0,1.0
RPRX,2021-10-11 00:00:00+00:00,36.13,36.29,35.545,35.56,1167037,35.9842799526,36.1436346382,35.4016393832,35.4165788849,1167037,0.0,1.0
RPRX,2021-10-12 00:00:00+00:00,36.07,36.27,35.63,36.17,1126166,35.9245219454,36.1237153025,35.4862965599,36.024118624,1126166,0.0,1.0
RPRX,2021-10-13 00:00:00+00:00,35.83,36.5,35.6132,36.0,1358796,35.685489917,36.3527876631,35.4695643179,35.8548042705,1358796,0.0,1.0
RPRX,2021-10-14 00:00:00+00:00,37.06,37.13,36.0001,36.03,755534,36.9105290629,36.9802467378,35.8549038671,35.884683274,755534,0.0,1.0
RPRX,2021-10-15 00:00:00+00:00,38.39,38.48,37.04,37.04,1841376,38.2351648873,38.324801898,36.8906097272,36.8906097272,1841376,0.0,1.0
RPRX,2021-10-18 00:00:00+00:00,37.02,38.51,37.0,38.2,2669520,36.8706903915,38.3546809015,36.8507710558,38.0459311981,2669520,0.0,1.0
RPRX,2021-10-19 00:00:00+00:00,37.7,38.15,36.79,37.14,1124265,37.5479478055,37.9961328588,36.6416180308,36.9902064057,1124265,0.0,1.0
RPRX,2021-10-20 00:00:00+00:00,37.39,37.98,37.255,37.91,704465,37.239198102,37.8268185053,37.104742586,37.7571008304,704465,0.0,1.0
RPRX,2021-10-21 00:00:00+00:00,37.5,37.6,37.11,37.3,576393,37.3487544484,37.4483511269,36.9603274021,37.1495610913,576393,0.0,1.0
RPRX,2021-10-22 00:00:00+00:00,37.5,37.86,37.22,37.57,1064643,37.3487544484,37.7073024911,37.0698837485,37.4184721234,1064643,0.0,1.0
RPRX,2021-10-25 00:00:00+00:00,37.67,38.15,37.45,37.45,2329577,37.5180688019,37.9961328588,37.2989561091,37.2989561091,2329577,0.0,1.0
RPRX,2021-10-26 00:00:00+00:00,37.74,38.09,37.6,37.75,1270497,37.5877864769,37.9363748517,37.4483511269,37.5977461447,1270497,0.0,1.0
RPRX,2021-10-27 00:00:00+00:00,36.81,37.875,36.18,37.74,1602060,36.6615373665,37.7222419929,36.0340782918,37.5877864769,1602060,0.0,1.0
RPRX,2021-10-28 00:00:00+00:00,38.2,38.259,36.83,37.35,2624435,38.0459311981,38.1046932384,36.6814567023,37.1993594306,2624435,0.0,1.0
RPRX,2021-10-29 00:00:00+00:00,39.53,39.71,38.8,39.1,2791166,39.3705670225,39.5498410439,38.6435112693,38.9423013049,2791166,0.0,1.0
RPRX,2021-11-01 00:00:00+00:00,39.73,40.17,39.24,39.41,3238666,39.5697603796,40.0079857651,39.0817366548,39.2510510083,3238666,0.0,1.0
RPRX,2021-11-02 00:00:00+00:00,38.11,39.99,37.83,39.99,2348981,37.9562941874,39.8287117438,37.6774234875,39.8287117438,2348981,0.0,1.0
RPRX,2021-11-03 00:00:00+00:00,39.5,39.75,38.01,38.53,1615880,39.340688019,39.5896797153,37.8566975089,38.3746002372,1615880,0.0,1.0
RPRX,2021-11-04 00:00:00+00:00,39.57,39.77,39.085,39.55,1147377,39.410405694,39.609599051,38.9273618031,39.3904863582,1147377,0.0,1.0
RPRX,2021-11-05 00:00:00+00:00,39.52,40.01,39.17,39.32,1662892,39.3606073547,39.8486310795,39.0120189798,39.1614139976,1662892,0.0,1.0
RPRX,2021-11-08 00:00:00+00:00,39.85,40.0,39.46,39.5,1411852,39.6892763938,39.8386714116,39.3008493476,39.340688019,1411852,0.0,1.0
RPRX,2021-11-09 00:00:00+00:00,39.6,40.0999,39.35,39.86,1595604,39.4402846975,39.9381684935,39.1912930012,39.6992360617,1595604,0.0,1.0
RPRX,2021-11-10 00:00:00+00:00,41.58,42.32,39.6,40.0,4295215,41.4122989324,42.1493143535,39.4402846975,39.8386714116,4295215,0.0,1.0
RPRX,2021-11-11 00:00:00+00:00,40.19,41.75,39.88,41.58,1831364,40.0279051008,41.5816132859,39.7191553974,41.4122989324,1831364,0.0,1.0
RPRX,2021-11-12 00:00:00+00:00,41.92,41.96,40.28,40.5,4020949,41.7509276394,41.7907663108,40.1175421115,40.3366548043,4020949,0.0,1.0
RPRX,2021-11-15 00:00:00+00:00,41.7,42.0,41.38,41.92,4323746,41.5318149466,41.8306049822,41.2131055753,41.7509276394,4323746,0.0,1.0
RPRX,2021-11-16 00:00:00+00:00,41.99,43.68,41.23,43.26,6435547,41.8206453144,43.5038291815,41.0637105575,43.0855231317,6435547,0.0,1.0
RPRX,2021-11-17 00:00:00+00:00,42.48,43.01,41.95,42.69,3287858,42.3086690391,42.8365314353,41.7808066429,42.5178220641,3287858,0.0,1.0
RPRX,2021-11-18 00:00:00+00:00,41.98,42.8,41.66,42.75,2397856,41.98,42.8,41.66,42.75,2397856,0.17,1.0
